,transcript,user_action
0,activate light all like and the entire house,SwitchLightOn
1,activate basement lights,SwitchLightOn
2,adjust the bedroom light intensity of thirty nine,SetLightBrightness
3,can you please change the light color to pink,SetLightColor
4,rid the brightness to toilet,SetLightBrightness
5,set the brightness to twelve,SetLightBrightness
6,set the brightness to twenty,SetLightBrightness
7,the be bring as with raise,SetLightBrightness
8,set the cella to two,SetLightBrightness
9,set the cellar light at twelve,SetLightBrightness
10,set the cellar lights to two,SetLightBrightness
11,rid the entire appartment like to two,SetLightBrightness
12,set the entrance lighting in intensity to twelve,SetLightBrightness
13,set the entrance lights to brighter setting,IncreaseBrightness
14,can you please lower the lights for me,DecreaseBrightness
15,rid the facilities like the twenty nine,SetLightBrightness
16,set the garden in brightness Will level twelve,SetLightBrightness
17,set the hallway lights to pink please,SetLightColor
18,set the intensity of the toilet lighting to two,SetLightBrightness
19,set the kids bedroom lights to five,SetLightBrightness
20,set the changing room bring to ten percent percent,SetLightBrightness
21,set the flat patio us cella to twenty,SetLightBrightness
22,set the light color to blue,SetLightColor
23,set the light dimmer in the office,DecreaseBrightness
24,and you please set the bathroom lights to five,SetLightBrightness
25,set the lights in the laundry room to level two,SetLightBrightness
26,set the lights in the laundry room to seventy-three tree,SetLightBrightness
27,set the lights in toilets to red,SetLightColor
28,set the lights to higher intensity,IncreaseBrightness
29,set the lights to higher intensity in the changing room,IncreaseBrightness
30,set the lights to higher intensity in the living room,IncreaseBrightness
31,set the lights to waste bright to,DecreaseBrightness
32,set the lights to lower intensity,DecreaseBrightness
33,set the lights to green in the large meeting room,SetLightColor
34,turned the light's intensity to twenty two percent percent,SetLightBrightness
35,turned the lights blue,SetLightColor
36,can you turn off the lights in the cellar,SwitchLightOff
37,turn the lights down in the backyard yard,DecreaseBrightness
38,turn the lights down in the dining room,DecreaseBrightness
39,turn the lights down in the living room,DecreaseBrightness
40,laundry made bring,SetLightColor
41,turned the lights in the garden off,SwitchLightOff
42,turned the lights in the large dining room Make,SetLightColor
43,are the lights in the waiting room to have,SetLightBrightness
44,turned the light in the waiting room to thirty nine,SetLightBrightness
45,turn the lights off,SwitchLightOff
46,turn the lights off in the basement,SwitchLightOff
47,can you turn off the lights in the parking room,SwitchLightOff
48,turn the lights off in the dining room,SwitchLightOff
49,turn the lights off in the dining room,SwitchLightOff
50,sun the lights off in the laundry,SwitchLightOff
51,turn the lights off in the office,SwitchLightOff
52,turn the lights off in shed,SwitchLightOff
53,turn the lights off and the toilet,SwitchLightOff
54,turn the flat off laundry,SwitchLightOff
55,turn the lights off,SwitchLightOff
56,from the lights on,SwitchLightOn
57,turned the lights on above the toilets,SwitchLightOn
58,can you turn off the lights please,SwitchLightOff
59,and the light on everywhere,SwitchLightOn
60,turn the light on in appartment,SwitchLightOn
61,turn the light on in the bedroom,SwitchLightOn
62,turned the light on in changing room,SwitchLightOn
63,turn the lights on in the kitchen,SwitchLightOn
64,turned the lights on in the meeting room,SwitchLightOn
65,turn the lights on in the pantry,SwitchLightOn
66,turn the lights on in small meeting room,SwitchLightOn
67,turn the lights on in the studio,SwitchLightOn
68,done the light on now,SwitchLightOn
69,at the brightness to level ten,SetLightBrightness
70,can you turn off the lights,SwitchLightOff
71,turn the lights on pink,SetLightColor
72,turn the lights on please,SwitchLightOn
73,turn the if on the kitchen,SwitchLightOn
74,done the light on,SwitchLightOn
75,turn the lights pink please,SetLightColor
76,turned the lights area in the bedroom,SetLightColor
77,turned the lights to darker setting in the office,DecreaseBrightness
78,turn the lights to higher setting,IncreaseBrightness
79,turn the lights to lower setting,DecreaseBrightness
80,tad stop but in the house,SetLightBrightness
81,can you turn on that from if,SwitchLightOn
82,turn the flat percent notch in the cellar,IncreaseBrightness
83,turn the lights up and notch please,IncreaseBrightness
84,turn the lights up in the entrance,IncreaseBrightness
85,turn the flat Stop in the let,IncreaseBrightness
86,turned the lights up into studio,IncreaseBrightness
87,turn the lights up in the toilets,IncreaseBrightness
88,turn the living room light up,IncreaseBrightness
89,turn the lounge lights red,SetLightColor
90,turned the patio light pink,SetLightColor
91,can you turn on the light,SwitchLightOn
92,turn the studio lights on,SwitchLightOn
93,turn the studio lights the thirty nine,SetLightBrightness
94,turn the vestibule lights to two,SetLightBrightness
95,gimme the vestibule lights up,IncreaseBrightness
96,turn on the waiting room brightness to two,SetLightBrightness
97,here bring large to gimme bedroom,SetLightBrightness
98,turn toilet room lights on,SwitchLightOn
99,turn up the brightness,IncreaseBrightness
100,turn up the brightness and the changing room,IncreaseBrightness
101,turn up the lighting,IncreaseBrightness
102,can you turn to brightness down in the backyard yard,DecreaseBrightness
103,turn up the lights,IncreaseBrightness
104,turn up the lights in the cella,IncreaseBrightness
105,turn up to light in the kids room,IncreaseBrightness
106,turn up lights in the kitchen,IncreaseBrightness
107,turn up the lights in the pantry,IncreaseBrightness
108,turn up the lights in the parking,IncreaseBrightness
109,turn up the lights in the patio,IncreaseBrightness
110,stand appartment the light in the toilets,IncreaseBrightness
111,to up the create,IncreaseBrightness
112,can you turn the brightness to ten,SetLightBrightness
113,turn up the lights,IncreaseBrightness
114,turned able lighting on,SwitchLightOn
115,we have large meeting room need some red lights in there,SetLightColor
116,we need the bulb turned brighter in this room,IncreaseBrightness
117,what do need to do to get the dining room to fifty brightness,SetLightBrightness
118,will you increase the darkness please,IncreaseBrightness
119,will you make the entrance lights area for the afternoon.,SetLightColor
120,we you set the changing room to fifty brightness,SetLightBrightness
121,would you please turn down the brightness,DecreaseBrightness
122,would you please turn on the lights and my cubicle,SwitchLightOn
123,can you turn darkness up in the bedroom,IncreaseBrightness
124,would you switch my kitchen setting to room,SwitchLightOn
125,would you turn on my basement lights,SwitchLightOn
126,would you turn on my basement lights,SwitchLightOn
127,just brightness of lounge lights to value of twenty two,SetLightBrightness
128,are flat off,SwitchLightOff
129,all light off please,SwitchLightOff
130,basement light should be set to twelve,SetLightBrightness
131,basement lights should be turned on,SwitchLightOn
132,bathroom as to twenty two,SetLightBrightness
133,bathroom is too dark increased tad brightness,IncreaseBrightness
134,lounge Will done,SwitchLightOn
135,bathroom lit off,SwitchLightOff
136,the room brightness to two please,SetLightBrightness
137,bedroom light down,DecreaseBrightness
138,boardroom is dark please turn on lights,SwitchLightOn
139,bright flat and kitchen,IncreaseBrightness
140,brighten up the cubicle,IncreaseBrightness
141,bring up the lights,IncreaseBrightness
142,can the give me some light please,SwitchLightOn
143,can you give me some light please in the kitchen,SwitchLightOn
144,can you give me some lights,SwitchLightOn
145,could you turn to cubicle light to twenty two,SetLightBrightness
146,can you increase the brightness,IncreaseBrightness
147,can you increase the brightness in the laundry room,IncreaseBrightness
148,can you increase the brightness of the entire house,IncreaseBrightness
149,can you make the bedroom little darker if possible,DecreaseBrightness
150,can you make the light go blue,SetLightColor
151,you please turn all the light,SwitchLightOn
152,the turned down the lights and here,DecreaseBrightness
153,can the turn off the cellar lights,SwitchLightOff
154,can you area off the house lights,SwitchLightOff
155,you turn of the kids bedroom lights,SwitchLightOff
156,can you turn the lights down one notch,DecreaseBrightness
157,can you sun the light Throughout,DecreaseBrightness
158,turn to lights to color,SetLightColor
159,change on it backyard flat to brightness setting off to,SetLightBrightness
160,changed bedroom lighting to pink,SetLightColor
161,changed brightness of lights in the toilets to done entire,SetLightBrightness
162,changed the color of them to pink,SetLightColor
163,change favor lot of made rid stop,SetLightColor
164,change lamp to pink,SetLightColor
165,change lighting to pink,SetLightColor
166,changed lights to blue,SetLightColor
167,and the turned the lights off,SwitchLightOff
168,change lights to pink,SetLightColor
169,changing the all tad to pink,SetLightColor
170,change light to pink,SetLightColor
171,change the patio like to pink,SetLightColor
172,change the patio like to green,SetLightColor
173,change the way,SetLightColor
174,changing room lighter off please,SwitchLightOff
175,glow are flat in the kitchen room,SwitchLightOff
176,create much and bedroom turned lights to red,SetLightColor
177,cut off the flat in office bulb,SwitchLightOff
178,adjust of brightness to seventy-three tree,SetLightBrightness
179,change all of the garden waiting into for,SetLightBrightness
180,darken the light in the toilet,DecreaseBrightness
181,decrease brightness in cellar,DecreaseBrightness
182,increase brightness in the basement,DecreaseBrightness
183,decrease brightness of bathroom light,DecreaseBrightness
184,decrease brightness please,DecreaseBrightness
185,decreased lights in laundry room to all the way off,SwitchLightOff
186,decreased lighter in the small meeting room,DecreaseBrightness
187,gimme the basement,DecreaseBrightness
188,in the bedroom light,DecreaseBrightness
189,dim the boardroom,DecreaseBrightness
190,change all the lights to fifty,SetLightBrightness
191,dim made bedroom lights,DecreaseBrightness
192,dimmer the lights in the cubicle,DecreaseBrightness
193,dim the lights in the garden,DecreaseBrightness
194,dining room light at thirty nine,SetLightBrightness
195,dining room lights at twenty two percent percent,SetLightBrightness
196,dining room lights off please,SwitchLightOff
197,dining room needs to be at twelve percent percent,SetLightBrightness
198,not waste the lights decrease it please,DecreaseBrightness
199,double the brightness,IncreaseBrightness
200,entrance light level to ten,SetLightBrightness
201,change backyard red lighting to pink please,SetLightColor
202,enter inside to pink please,SetLightColor
203,entrance should be lit at intensity too,SetLightBrightness
204,garage to please,SetLightColor
205,get the bed dark,SwitchLightOff
206,get the light on now leave,SwitchLightOn
207,give me light rid the kitchen,SwitchLightOn
208,green is what would like to the lights to be at now,SetLightColor
209,green lights in the leave room,SetLightColor
210,green lights on in living room,SetLightColor
211,hallway it be less bright,DecreaseBrightness
212,changed child's bedroom to have create,SetLightColor
213,help me turn down the Make,DecreaseBrightness
214,help me and down the flat in the cellar,DecreaseBrightness
215,hey bright in the bedroom,IncreaseBrightness
216,cannot darkness turned up the brightness now,IncreaseBrightness
217,need if,SwitchLightOn
218,the need light on in the kitchen,SwitchLightOn
219,it you brighten up the meeting room,SwitchLightOn
220,Dim all all meeting on ten dim,SetLightColor
221,want to turn the made,SwitchLightOn
222,want you to make the light dimmer,DecreaseBrightness
223,urgently colored pink,SetLightColor
224,would like the you to get some nine,SwitchLightOn
225,illuminate cellar,SwitchLightOn
226,illuminate the kids room,SwitchLightOn
227,in my kids bedroom changed the brightness to fifty,SetLightBrightness
228,in my it's room turned the lights off,SwitchLightOff
229,in the backyard yard the lights need to be pink,SetLightColor
230,increase darkness in that on,IncreaseBrightness
231,increase brightness in the studio,IncreaseBrightness
232,increased the brightness of light,IncreaseBrightness
233,increased lighting into garage,IncreaseBrightness
234,change kids room it to pink,SetLightColor
235,increase the brightness,IncreaseBrightness
236,increase the brighness ten Set,IncreaseBrightness
237,increased the brightness in the basement,IncreaseBrightness
238,increase the brightness of entrance,IncreaseBrightness
239,increased the brightness of the garage,IncreaseBrightness
240,increased darkness after made lights,IncreaseBrightness
241,increase the brightness on the patio,IncreaseBrightness
242,is it possible to stand down the Make,DecreaseBrightness
243,is it possible to turn down the light in the living room,DecreaseBrightness
244,it's darken here,SwitchLightOn
245,change the laundry room lights to five less,SetLightBrightness
246,getting so darken here can you put the lights up,IncreaseBrightness
247,it's pretty bright in here is there are possibility you can turn the lights down,DecreaseBrightness
248,it's pretty dark here why don't you turn the lights up,IncreaseBrightness
249,so dark can here please turn up the lights just little,IncreaseBrightness
250,way too bright here turned on the brightness please,DecreaseBrightness
251,create bedroom like to red please,SetLightColor
252,ten lights on now,SwitchLightOn
253,kitchen no more lights,SwitchLightOff
254,and room brightness you,SetLightBrightness
255,near rid flat soon,SwitchLightOn
256,change light color to area,SetLightColor
257,laundry room lights to two,SetLightBrightness
258,let there be light,SwitchLightOn
259,cublicle lighting percent room,SetLightBrightness
260,light are in the that room,SwitchLightOn
261,light up garage,SwitchLightOn
262,lighting up ten made blue,IncreaseBrightness
263,lights are off,SwitchLightOff
264,lights at seventy-three tree in the bedroom please,SetLightBrightness
265,lights need brighten in the lounge,IncreaseBrightness
266,lights off changing room,SwitchLightOff
267,certain light colored pink,SetLightColor
268,lights off for entire house,SwitchLightOff
269,light in the garden,SwitchLightOff
270,light for in the toilets,SwitchLightOff
271,lights on,SwitchLightOn
272,like brighness please lit brighness please,SwitchLightOn
273,light should be set at level twenty two,SetLightBrightness
274,Quickly its way down in small meeting room,SwitchLightOff
275,living room lights,SwitchLightOff
276,the living room lights on for now please,SwitchLightOn
277,changed the light level to twenty in the bedroom,SetLightBrightness
278,lounge lights on please,SwitchLightOn
279,kids bedroom lights,DecreaseBrightness
280,lower lights brightness,DecreaseBrightness
281,able brightness,DecreaseBrightness
282,lower the brightness of lightbulb,DecreaseBrightness
283,above light in children's play room,DecreaseBrightness
284,light lights red colored,SetLightColor
285,make all lights pink and color,SetLightColor
286,make it darker in here,DecreaseBrightness
287,make it darker in the waiting room,DecreaseBrightness
288,i'd just the brightness to twenty two,SetLightBrightness
289,change lights and room Will level five,SetLightBrightness
290,make it less bright in the bedroom,DecreaseBrightness
291,make it lighter in here,IncreaseBrightness
292,make it to the lounge the pink,SetLightColor
293,make flat area,SetLightColor
294,make the light blue,SetLightColor
295,make the light color to pink,SetLightColor
296,make the light pink,SetLightColor
297,make the light area,SetLightColor
298,make the lights go off,SwitchLightOff
299,make the lights area in the office,SetLightColor
300,change lights to blue,SetLightColor
301,make lights to level thirty two,SetLightBrightness
302,make the living room lighter,IncreaseBrightness
303,make the brightest brighter,IncreaseBrightness
304,if pretty living room rid be two seventy-three tree,SetLightBrightness
305,modify the cellar of all to pink,SetLightColor
306,need light,SwitchLightOn
307,made light in the kitchen,SwitchLightOn
308,no more light in here,SwitchLightOff
309,pantry light level should be two percent percent,SetLightBrightness
310,pantry tad off,SwitchLightOff
311,change to pink,SetLightColor
312,pantry make it dark,SwitchLightOff
313,parking lights on please,SwitchLightOn
314,pretty lights please,SwitchLightOn
315,lit turned on,SwitchLightOn
316,pink inside one kitchen please,SetLightColor
317,please brightened lounge,IncreaseBrightness
318,please brighten up the dining room,SwitchLightOn
319,please in the lights,DecreaseBrightness
320,please give me lights,SwitchLightOn
321,please give me lights in the kitchen,SwitchLightOn
322,change lights to area,SetLightColor
323,please give me some light,SwitchLightOn
324,please give me some light in the kitchen,SwitchLightOn
325,please increase the brightness,IncreaseBrightness
326,please increase the light brightness everywhere,IncreaseBrightness
327,please increase the meeting room brightness,IncreaseBrightness
328,please color small like,DecreaseBrightness
329,please make the light blue,SetLightColor
330,please make the as you light red lamp,SetLightColor
331,increase one to it,SwitchLightOn
332,red me some light in the kitchen,SwitchLightOn
333,change blue lights to pink for me,SetLightColor
334,me some light,SwitchLightOn
335,play some light in the kitchen,SwitchLightOn
336,is area the let for lights to bring,SetLightColor
337,play switch lights off,SwitchLightOff
338,please switch off lounge flat,SwitchLightOff
339,please switch off the kitchen lights after you cook,SwitchLightOff
340,please switch the studio lights,SwitchLightOff
341,please the increase the brightness it's too dark,IncreaseBrightness
342,please turn down the light for me,DecreaseBrightness
343,please turn light on,SwitchLightOn
344,area the meeting room made postion pink,SetLightColor
345,please turn of laundry room light,SwitchLightOff
346,the turn lights everywhere,SwitchLightOff
347,please turn off parking lights,SwitchLightOff
348,less turn off the house lights,SwitchLightOff
349,please turn your light,SwitchLightOff
350,please turn off the lights of the nine room,SwitchLightOff
351,please turn on lights,SwitchLightOn
352,these turned on the lights of changing room,SwitchLightOn
353,these turn the pantry lights to level thirty nine,SetLightBrightness
354,put on the serial bulbs in the dining room,SwitchLightOn
355,change office lighter to blue please,SetLightColor
356,two the lighting tad of soon bring,SetLightColor
357,put the lights on the able,SwitchLightOn
358,reduce brightness of lightbulb,DecreaseBrightness
359,so at green light,SetLightColor
360,rid brightness off your flat to fifty,SetLightBrightness
361,set brightness off Boost to fifty,SetLightBrightness
362,set brightness to toilet,SetLightBrightness
363,set light level twenty two,SetLightBrightness
364,set the bedroom lights to thirty nine,SetLightBrightness
365,set the color of meeting room lights to blue,SetLightColor
366,set the lights to stand in the vestibule,SetLightBrightness
367,can you please turn down the lights,DecreaseBrightness
368,set the lights to the down position,SwitchLightOn
369,set the lights to twenty two in the office,SetLightBrightness
370,set the lights to twenty two percent percent,SetLightBrightness
371,set lights to zero brightness,SwitchLightOff
372,set the lights to zero brightness in the office,SwitchLightOff
373,red the living room light to twenty,SetLightBrightness
374,Lessen the shut flat to light,SetLightBrightness
375,set the vestibule lights to level thirty nine,SetLightBrightness
376,shine some light in here,SwitchLightOn
377,Find some light in here,SwitchLightOn
378,can you put light on in the backyard,SwitchLightOn
379,shine some lights in the office,SwitchLightOn
380,Shine the lights at level twelve,SetLightBrightness
381,shed down the its room light,SwitchLightOff
382,shut down the lights,SwitchLightOff
383,shut off the lights at the entrance,SwitchLightOff
384,shut off the lights in the garage,SwitchLightOff
385,shut off the lights in the blue,SwitchLightOff
386,shed off the light please,SwitchLightOff
387,shut off the lounge lights,SwitchLightOff
388,shut the lights down in the bathroom,SwitchLightOff
389,can you put the lights two in the cubicle,SetLightBrightness
390,shut the lights down in the entrance,SwitchLightOff
391,shut the lights off,SwitchLightOff
392,"Sir, in the office please set connected light bulbs to brightness of ten",SetLightBrightness
393,"Sir, please let the brightness of the connected lights to cold to fifty",SetLightBrightness
394,situated lights to thirty nine percent percent in the cubicle,SetLightBrightness
395,stop lighting the cubicle,SwitchLightOff
396,stop the lights,SwitchLightOff
397,stop the lights from shining in the bathroom,SwitchLightOff
398,entire the lights from shining in the shed,SwitchLightOff
399,change the backyard flat to green,SetLightColor
400,select intensity of the tubelight to turn percent,SetLightBrightness
401,set the lights in the changing room to level twenty two,SetLightBrightness
402,set light living room lights to ten percent percent,SetLightBrightness
403,rid the pantry darkness to don't the,SetLightBrightness
404,seventy-three tree is what brightness should be,SetLightBrightness
405,shut off the kitchen light,SwitchLightOff
406,so much darkness in here turn up the bulbs,IncreaseBrightness
407,some light,SwitchLightOn
408,some light in the kitchen,SwitchLightOn
409,some lights in the kitchen,SwitchLightOn
410,change the basement brightness to seventy-three tree,SetLightBrightness
411,studio lights off,SwitchLightOff
412,studio lights on please,SwitchLightOn
413,switch bathroom lit off,SwitchLightOff
414,switch house lights off,SwitchLightOff
415,lights of,SwitchLightOff
416,switch lights on,SwitchLightOn
417,switch lights on vestibule,SwitchLightOn
418,tree off laundry room light are,SwitchLightOff
419,switch the bathroom flat,SwitchLightOff
420,its off the lamps please,SwitchLightOff
421,change the basement brightness to two,SetLightBrightness
422,switch off the light in the toilet,SwitchLightOff
423,switch off the lights,SwitchLightOff
424,child's are be to like all,SwitchLightOff
425,switch the garage light to pink,SetLightColor
426,switched the lamps off,SwitchLightOff
427,switch the like blue,SetLightColor
428,take all lights off as soon as possible,SwitchLightOff
429,the backyard yard is too bright and you turned it down little,DecreaseBrightness
430,the backyard room lights need change to blue,SetLightColor
431,the sun five near to colored,SetLightColor
432,adjust the select lights to twenty two,SetLightBrightness
433,change the bedroom lights the blue,SetLightColor
434,the room is done take over the light,SwitchLightOff
435,the cellar is cold and dark please turn up the brightness,IncreaseBrightness
436,the house is getting too little light turn up the brightness please,IncreaseBrightness
437,the kitchen should not be so bright,DecreaseBrightness
438,the large in room needs to be turned off,SwitchLightOff
439,the light is too bright so turn it down the light is too bright so turn it down,DecreaseBrightness
440,like need to be blue in the studio,SetLightColor
441,the lit has too much lights,DecreaseBrightness
442,the blue is little dark turn up the brightness little,IncreaseBrightness
443,the office has too much light it needs to be turned down,DecreaseBrightness
444,changed the brightness of the lights to twenty two percent,SetLightBrightness
445,the office is little too dark these turn on the lights,IncreaseBrightness
446,the parking area need the lights of,SwitchLightOff
447,the shed needs more light,IncreaseBrightness
448,the sun is going down in its getting dark turn the lights up,IncreaseBrightness
449,the toilets are too bright turn the lights down,DecreaseBrightness
450,there is no one in the living room take the lit,SwitchLightOff
451,this entire appartment is in darkness you need to turn the light brightness up,IncreaseBrightness
452,this room is pretty dark just turned down the brightness,IncreaseBrightness
453,lighting light change to level thirty nine,SetLightBrightness
454,kitchen tad cubicle,SetLightColor
455,changed the brightness to fifty in the entire appartment,SetLightBrightness
456,turn all light bulbs into pink color,SetLightColor
457,turned that from lights,IncreaseBrightness
458,turn bedroom red,SetLightColor
459,laundry them the lighting in the pantry,DecreaseBrightness
460,turn down minutes everywhere,DecreaseBrightness
461,turned down the brightness level of lightbulb,DecreaseBrightness
462,turned down the lamps bit,DecreaseBrightness
463,trip them the light tad bit please,DecreaseBrightness
464,stand down the flat in the entrance room,DecreaseBrightness
465,don't blue,SetLightColor
466,in the brightness can and close the,SetLightBrightness
467,turn flat rid,SetLightColor
468,are flat up in house,IncreaseBrightness
469,stand off all bedroom lamps please,SwitchLightOff
470,turn off bedroom lit,SwitchLightOff
471,done of dining room light,SwitchLightOff
472,turn off lights and lit,SwitchLightOff
473,down after lamps,SwitchLightOff
474,turn off the lights,SwitchLightOff
475,turn off the lights in the bedroom,SwitchLightOff
476,don't off do it flat,SwitchLightOff
477,changed the brightness to twenty,SetLightBrightness
478,turned off the light to turn,SetLightBrightness
479,turn on kitchen lights,SwitchLightOn
480,turn on the waiting room lights,SwitchLightOn
481,turn on the garden light,SwitchLightOn
482,brighter office,SwitchLightOn
483,the afternoon. the lights of there,SwitchLightOn
484,turn on the lights in the children room,SwitchLightOn
485,turn on the lights urgently,SwitchLightOn
486,don't too your light up,SwitchLightOn
487,Throughout the basement lights blue,SetLightColor
488,change the brightness to two,SetLightBrightness
489,bring to brighten us down,DecreaseBrightness
490,turn the garden lights to brightness too please,SetLightBrightness
491,turn the house light pink,SetLightColor
492,stand the tad down in the backyard,DecreaseBrightness
493,need the light down in the bedroom,DecreaseBrightness
494,turn the light down in the tad,DecreaseBrightness
495,turn the light down,DecreaseBrightness
496,can it off,SwitchLightOff
497,on the let trip,SetLightColor
498,turn the lights up,IncreaseBrightness
499,changed the bulbs to twelve set in brightness,SetLightBrightness
500,turned lights pink,SetLightColor
501,turn up light can basement,IncreaseBrightness
502,turn of light and let,IncreaseBrightness
503,turn up the brightness,IncreaseBrightness
504,turn up the brightness in the patio,IncreaseBrightness
505,can up the darkness in the studio,IncreaseBrightness
506,down at the flat in the ten,IncreaseBrightness
507,why is everywhere so dark the need to turn up the brightness,IncreaseBrightness
508,why is it so bright in here please turn it down notch,DecreaseBrightness
509,why is there are no lights in the waiting room turn it out please,IncreaseBrightness
510,changed the garage less to rid,SetLightColor
511,will you turn the brightness to level thirty nine,SetLightBrightness
512,change the color of the lights to blue in the dining room,SetLightColor
513,change the color of the lights to blue,SetLightColor
514,adjust the change of home. intensity of the lighting to two percent percent,SetLightBrightness
515,change the color of the flat to green,SetLightColor
516,is the color of the made to pink,SetLightColor
517,change the color to blue,SetLightColor
518,change the cellar to pink,SetLightColor
519,change the cubicle light sun to ten,SetLightBrightness
520,change the garage lights to Make,SetLightColor
521,change the kids bedroom light bulb cellar to green,SetLightColor
522,change the kitchen lights to green,SetLightColor
523,bring the can on serial into,SetLightColor
524,change the laundry room lights to green,SetLightColor
525,Lessen the glow of the bulb to level two,SetLightBrightness
526,in cellar red room red,SetLightColor
527,changed the light blue,SetLightColor
528,nine the light color to pink please,SetLightColor
529,change the light setting to on,SwitchLightOn
530,change the light to blue,SetLightColor
531,change the light to pink,SetLightColor
532,changed like to pink,SetLightColor
533,change the lighting of the pantry to thirty nine,SetLightBrightness
534,this the lighting to Dim,DecreaseBrightness
535,change lighting to fifty in the facilities,SetLightBrightness
536,Lessen the kids lighting to ten,SetLightBrightness
537,change the light's area,SetLightColor
538,change the lights in the child's bedroom to pink,SetLightColor
539,change the lights in the entrance to blue,SetLightColor
540,change the lights in the kids bedroom to blue,SetLightColor
541,changed the lights in the parking area to green,SetLightColor
542,change the lights in the parking room,SwitchLightOff
543,in the flat in the toilet green,SetLightColor
544,change the lights into blue,SetLightColor
545,change lights to green please,SetLightColor
546,change the with to pink please,SetLightColor
547,activate garden lights,SwitchLightOn
548,adjust the laundry room lighting to up thirty nine,SetLightBrightness
549,change the lights to pink,SetLightColor
550,change the lights to red,SetLightColor
551,change the lights to red in the parking section,SetLightColor
552,change the living room lights to twenty,SetLightBrightness
553,change the office light to pink,SetLightColor
554,changed office lights to of meeting,SetLightBrightness
555,changed parking room to green,SetLightColor
556,changed vestibule lighting to two percent percent,SetLightBrightness
557,change the yard lights to green,SetLightColor
558,change toilets light color to red,SetLightColor
559,adjust the lighting to level twenty two,SetLightBrightness
560,Click on the lights,SwitchLightOn
561,color change lights to red,SetLightColor
562,cold flat pink,SetLightColor
563,color lights red,SetLightColor
564,color the its all red,SetLightColor
565,color the light's red,SetLightColor
566,cold you change the brightness of the lights on the patio to seventy-three tree,SetLightBrightness
567,could you change the light to red,SetLightColor
568,could you increase the brightness of the lights,IncreaseBrightness
569,could you increase the light brightness in the dining room,IncreaseBrightness
570,just the light its less bright,DecreaseBrightness
571,could you make the lights in the basement brighter,IncreaseBrightness
572,could you please turn my lights on,SwitchLightOn
573,could you please turn the light on I'm some,SwitchLightOn
574,could you switch on some lights,SwitchLightOn
575,could you turn down the bedroom lights,DecreaseBrightness
576,could you turn the lights on please,SwitchLightOn
577,but of lowered with garden light,SwitchLightOff
578,cut the waiting room light,SwitchLightOff
579,dark in the waiting room,SwitchLightOff
580,decrease brightness,DecreaseBrightness
581,adjust lights to the setting,SwitchLightOff
582,the shed brightness in after room,DecreaseBrightness
583,decreased brightness in boardroom by one third.,DecreaseBrightness
584,decrease brightness please,DecreaseBrightness
585,the tree light brighness in little,DecreaseBrightness
586,decrease light brightness please,DecreaseBrightness
587,create lights in house,DecreaseBrightness
588,decreased the brightness,DecreaseBrightness
589,decreased the brightness of the bulbs,DecreaseBrightness
590,increased the brightness of lights can shed,DecreaseBrightness
591,adjust living room brightness to level too,SetLightBrightness
592,decrease the brightness please,DecreaseBrightness
593,decrease the intensity of the lights,DecreaseBrightness
594,decreased the intensity of the lights in the kids bedroom,DecreaseBrightness
595,decreased the intensity of the pantry waiting,DecreaseBrightness
596,decrease the light brightness in the cubicle,DecreaseBrightness
597,decreased light intensity,DecreaseBrightness
598,decreased light intensity in the entrance,DecreaseBrightness
599,decreased the light intensity in the entrance to zero,SwitchLightOff
600,decreased the light intensity in the office,DecreaseBrightness
601,decrease the light intensity in the vestibule to zero,SwitchLightOff
602,just pink you like to blue,SetLightColor
603,decrease the light intensity to zero,SwitchLightOff
604,decrease the lighting in the laundry room,DecreaseBrightness
605,decrease the lighting so it's not so bright,DecreaseBrightness
606,decrease the light's intensity in my bedroom balcony,DecreaseBrightness
607,dim lights please,DecreaseBrightness
608,can lights please,DecreaseBrightness
609,dim bathroom,DecreaseBrightness
610,dim the light in the it's bedroom,DecreaseBrightness
611,them the lighting completely in the waiting room,SwitchLightOff
612,dim the lights,DecreaseBrightness
613,i'd just the pantry lighting level thirty nine,SetLightBrightness
614,dim the lights completely in the living room,SwitchLightOff
615,dim the lights for me,DecreaseBrightness
616,dim the lights in the backyard,DecreaseBrightness
617,dim the lights in the bathroom,DecreaseBrightness
618,dim lights in the get,DecreaseBrightness
619,dim the lights in the living room,DecreaseBrightness
620,the the light's Place,DecreaseBrightness
621,can the lights please,DecreaseBrightness
622,dimmer,DecreaseBrightness
623,dim the studio lighting,DecreaseBrightness
624,adjust toilet lighting to the two setting,SetLightBrightness
625,do me here and sun the flat on,SwitchLightOn
626,do turn out on my bedroom light now,SwitchLightOn
627,don't forget to turn off the lights in the studio,SwitchLightOff
628,level light entrance from shining,SwitchLightOff
629,Eliminate the lighting,SwitchLightOff
630,and the lights from shining in the cubicle,SwitchLightOff
631,and sure the lights are off in the waiting room,SwitchLightOff
632,Find the bulbs for the cellar and turn them up,IncreaseBrightness
633,get me more light,IncreaseBrightness
634,get me some lights in the ten,SwitchLightOn
635,get the inside to at made do,SetLightBrightness
636,get rid of the lights in the bathroom,SwitchLightOff
637,get the cellar lights on,SwitchLightOn
638,get the lounge room lights up twenty two,SetLightBrightness
639,get the lights on,SwitchLightOn
640,get the lights on please,SwitchLightOn
641,Make the living room Situate on please,SwitchLightOn
642,get the room brighter please,IncreaseBrightness
643,give me more light can here,IncreaseBrightness
644,give me more flat in the bedroom,IncreaseBrightness
645,give me pink lights,SetLightColor
646,have just the toilets lights to twenty,SetLightBrightness
647,go ahead turn the tad meeting mood light the pink,SetLightColor
648,go ahead and turn the laundry room lights up brighter,IncreaseBrightness
649,go straight and turn on the lights,SwitchLightOn
650,go please shut off the lights,SwitchLightOff
651,"google, shut off lights",SwitchLightOff
652,have the kitchen five at lower brightness,DecreaseBrightness
653,over the lights colored blue,SetLightColor
654,have the lights turn blue,SetLightColor
655,help me change the color blue,SetLightColor
656,help me decrease the brightness in backyard there,DecreaseBrightness
657,activate lights,SwitchLightOn
658,level please turn off lights in backyard,SwitchLightOff
659,help me them the light in the pantry,DecreaseBrightness
660,help me in the lights,DecreaseBrightness
661,help me dim the lights Place,DecreaseBrightness
662,help me make it so light is not so bright,DecreaseBrightness
663,help me make the entire appartment area,SetLightColor
664,help me make the entire house pink,SetLightColor
665,help me make the light brighter,IncreaseBrightness
666,help me make the light green,SetLightColor
667,help me make the light red,SetLightColor
668,help me put on the lights,SwitchLightOn
669,are you able to change the lights to turn to green,SetLightColor
670,help me rid the bright to two,SetLightBrightness
671,house me set the entrance flat to two,SetLightBrightness
672,help me set the lights to fifty,SetLightBrightness
673,help me set the lights to twenty,SetLightBrightness
674,help me turn on the light please,SwitchLightOn
675,help me turn the flat on,SwitchLightOn
676,the cut the lights in the kitchen,SwitchLightOff
677,less get the light brightness lower here,DecreaseBrightness
678,don't prefer the living room lights to be on anymore,SwitchLightOff
679,don't want it to be so have,DecreaseBrightness
680,"Assistant, need my cubicle lights on",SwitchLightOn
681,don't want it to be this Make,DecreaseBrightness
682,don't want backyard yard lights to be on,SwitchLightOff
683,don't want the bedroom to be so bright,DecreaseBrightness
684,don't want the lights on any more,SwitchLightOff
685,don't want to lights in cella any more,SwitchLightOff
686,don't want the lights on,SwitchLightOff
687,don't want the lights to shine in the living room,SwitchLightOff
688,don't want there to be any light on in the office,SwitchLightOff
689,don't want there to be lights on any more,SwitchLightOff
690,need brightness setting of twelve in the can tree,SetLightBrightness
691,"Assistant, turned my lights on",SwitchLightOn
692,need brighter lighting in the bedroom,IncreaseBrightness
693,need it to be brighter and the cubicle,IncreaseBrightness
694,any waiting,SwitchLightOn
695,need lighting in the kitchen,SwitchLightOn
696,need light on over the toilets,SwitchLightOn
697,need more light,IncreaseBrightness
698,rid more light here,IncreaseBrightness
699,need my bedroom brighter now,IncreaseBrightness
700,need my bedroom lighter lower,DecreaseBrightness
701,need my pantry set at ten brightness,SetLightBrightness
702,want the brightness of lights,IncreaseBrightness
703,need lighting in the office,SetLightColor
704,need some light play,SwitchLightOn
705,made some light play in the kitchen,SwitchLightOn
706,and need some five,SwitchLightOn
707,need some lights in the kitchen,SwitchLightOn
708,need some more lights in here,IncreaseBrightness
709,need the cella balcony like turned off,SwitchLightOff
710,made the light,SwitchLightOn
711,need the light in the kitchen,SwitchLightOn
712,there like to be brighter,IncreaseBrightness
713,laundry want the brightness of the waiting room,IncreaseBrightness
714,need the like to be increased,IncreaseBrightness
715,need the lighting cranked up little,IncreaseBrightness
716,need the light Lessen like to if that room to be set at and meeting,SetLightBrightness
717,need the lights in the kids room to be pink,SetLightColor
718,one the flat near the facilities to be create,IncreaseBrightness
719,need the lights off in the changing room,SwitchLightOff
720,need the so in the entrance,SwitchLightOff
721,need lights to be blue now,SetLightColor
722,need the lights to be blue,SetLightColor
723,the lights to be brighter,IncreaseBrightness
724,but sure that all little living is off,SwitchLightOff
725,need lights to be dimmed,DecreaseBrightness
726,need the lights turn down bed,DecreaseBrightness
727,need the lights turned off in the vestibule,SwitchLightOff
728,the room to be blue,SetLightColor
729,need this Set to have the lighting more fifty,SetLightBrightness
730,need two lamps all off no,SwitchLightOff
731,stop the lights to be on,SwitchLightOff
732,can you raise the lights in the toilets,IncreaseBrightness
733,stop the lights,SwitchLightOff
734,switch all the lights to the off position in the vestibule,SwitchLightOff
735,switch flat double,SetLightColor
736,switch my lights on now,SwitchLightOn
737,switch all exterior lighting,SwitchLightOff
738,switch of small meeting room light,SwitchLightOff
739,switch of the garage light,SwitchLightOff
740,switch off the lights,SwitchLightOff
741,switch off the lights after level for the area,SwitchLightOff
742,switch off the shed lights,SwitchLightOff
743,can you set pink right in the basement,SetLightColor
744,switch on my backyard yard lighting,SwitchLightOn
745,switch on my cubicle light please,SwitchLightOn
746,switch on my garden lights,SwitchLightOn
747,switch the lights in the kids bedroom,SwitchLightOn
748,switch on the lights,SwitchLightOn
749,switch on the studio flat,SwitchLightOn
750,meeting the light to green,SetLightColor
751,switched the light green,SetLightColor
752,switched the lights the blue in the bedroom,SetLightColor
753,switch the lights to dark in the pantry,SwitchLightOff
754,can you red the basement lights to five,SetLightBrightness
755,shed the lit light to red,SetLightColor
756,switch to red lights,SetLightColor
757,turn on the lights of kids bedroom,SwitchLightOn
758,the basement is too bright,DecreaseBrightness
759,basement lights must be switched on,SwitchLightOn
760,the bedroom light are too bright but with the brightness,DecreaseBrightness
761,the bedroom lights need of brighter illumination,IncreaseBrightness
762,the bedroom lights need to be brighter right now,IncreaseBrightness
763,the brightness and the studio should be twenty two,SetLightBrightness
764,need do lamps all off now please,SwitchLightOff
765,need you to increase the intensity of the backyard light,IncreaseBrightness
766,need you to turn the lights off in the basement,SwitchLightOff
767,prefer it the lights are on now,SwitchLightOn
768,be sure the light intensity is set to two percent percent,SetLightBrightness
769,should like to see red lights,SetLightColor
770,think all the light should be on twenty two,SetLightBrightness
771,think the light should be on by now,SwitchLightOn
772,think the light should be pink,SetLightColor
773,want blue light,SetLightColor
774,want its,SetLightColor
775,want green light,SetLightColor
776,on at less brightened,DecreaseBrightness
777,want it pink in here,SetLightColor
778,want to be brighter in the cella,IncreaseBrightness
779,be sure the lights are completely darkened by the toilet,SwitchLightOff
780,want less brightness,DecreaseBrightness
781,want let lit,DecreaseBrightness
782,want less light in the waiting room,DecreaseBrightness
783,don't level twelve to be the setting for the brightness,SetLightBrightness
784,want lighting in the bedroom,SwitchLightOn
785,want lights,SwitchLightOn
786,want lights in the kitchen,SwitchLightOn
787,want if on in the backyard yard,SwitchLightOn
788,want lights on Place,SwitchLightOn
789,want living room lights to be changed to pink,SetLightColor
790,more ten like more off by the toilet,SwitchLightOff
791,want more brightness in the changing room,IncreaseBrightness
792,what more brightness that to pantry,IncreaseBrightness
793,want more light,IncreaseBrightness
794,don't more light in the bathroom,IncreaseBrightness
795,want my child's bedroom to have green like,SetLightColor
796,want my cubicle lights to be two,SetLightBrightness
797,want pink lights now,SetLightColor
798,want area lighting,SetLightColor
799,Will want red lights please,SetLightColor
800,want bathroom to be more in,DecreaseBrightness
801,trip made lights in the waiting room,SwitchLightOn
802,us ten brightness the lights,IncreaseBrightness
803,want the brightest lights in the kitchen Place,IncreaseBrightness
804,want the brightness of the lights in the laundry room to be fifty,SetLightBrightness
805,want the brightness rid to too,SetLightBrightness
806,and bright stop be fifty be room,SetLightBrightness
807,want the brightness to be level the on my light,SetLightBrightness
808,want the brightness to be set at twenty,SetLightBrightness
809,want to area this turn up in this room,IncreaseBrightness
810,want to cella here flat on,SwitchLightOn
811,want the cellar flat off,SwitchLightOff
812,bright lights entrance,IncreaseBrightness
813,want to cella here lights on,SwitchLightOn
814,want the cubicle lights to be at twenty two percent percent,SetLightBrightness
815,want the cubicle to be brighter,IncreaseBrightness
816,twenty to cubicle to be at thirty nine brightness,SetLightBrightness
817,want the dining room lights to be turned on,SwitchLightOn
818,twenty the entire appartment to be at too brightness,SetLightBrightness
819,on the entrance rid on,SwitchLightOn
820,want facilities to have lights on now,SwitchLightOn
821,want the lights to be pink,SetLightColor
822,want the kids bedroom to be set to level fifty,SetLightBrightness
823,bright in the large meeting room please,IncreaseBrightness
824,want the kids like to be pink,SetLightColor
825,want the kitchen lights to be twenty two,SetLightBrightness
826,want to light bulbs to be at level thirty nine,SetLightBrightness
827,want the light color changed to red,SetLightColor
828,want lighter in the garden turned on,SwitchLightOn
829,want the lights and the lounge to turn on,SwitchLightOn
830,want the light intensity to be at level ten,SetLightBrightness
831,want the light intensity turned up in the bedroom,IncreaseBrightness
832,want the light set to ten everywhere,SetLightBrightness
833,want light to be on,SwitchLightOn
834,brighten the lights,IncreaseBrightness
835,want the lighting increased,IncreaseBrightness
836,want the lighting situated at twenty two in the dining room,SetLightBrightness
837,want the tad rid Add,SetLightBrightness
838,want the lights decreased please,DecreaseBrightness
839,am are the five dim,DecreaseBrightness
840,turned the five in the out to pink,SetLightColor
841,want the lights in the bedroom on,SwitchLightOn
842,want the lights in the bedroom set to five,SetLightBrightness
843,want the lights in the laundry room to change to red,SetLightColor
844,want the lights in the pantry to be pink,SetLightColor
845,bright in the lights in the waiting room,IncreaseBrightness
846,on the lights near toilets to be pink,SetLightColor
847,and what ten lights off,SwitchLightOff
848,want the lights off everywhere,SwitchLightOff
849,twenty the light off in the meeting room,SwitchLightOff
850,one lights on,SwitchLightOn
851,want the lights on at the two waiting,SwitchLightOn
852,want to like brighness for the entire lot please,SwitchLightOn
853,want the lights on now,SwitchLightOn
854,want the light set two fifty in the kids room,SetLightBrightness
855,i'd on the lights to be at level twenty two,SetLightBrightness
856,brighten up the cubicle,IncreaseBrightness
857,want the lights to be blue in the bathroom,SetLightColor
858,want the lights to be brighter,IncreaseBrightness
859,want the lights to be changed to blue,SetLightColor
860,and want the lights to be dimmed,DecreaseBrightness
861,want the lights to be increased in brightness,IncreaseBrightness
862,want the lights to be increased,IncreaseBrightness
863,Will want the lights to be lowered,DecreaseBrightness
864,want the lights to be area please,SetLightColor
865,want the lights to be turned off,SwitchLightOff
866,want lights to be turned off in the vestibule,SwitchLightOff
867,garage,IncreaseBrightness
868,want the light turn down in the bedroom,DecreaseBrightness
869,want the lounge light on,SwitchLightOn
870,want the parking lights off,SwitchLightOff
871,twenty ten like turned on,SwitchLightOn
872,want the pretty room light off,SwitchLightOff
873,want the room brighter,IncreaseBrightness
874,want this studio to be dark,SwitchLightOff
875,what the toilet lights off,SwitchLightOff
876,want the all lights to be at twelve,SetLightBrightness
877,want the toilet lights to be on,SwitchLightOn
878,darkness is to percent in create down Place,SetLightBrightness
879,want be twenty will it Lessen level to power,SetLightBrightness
880,want the vestibule to shine at twelve percent percent,SetLightBrightness
881,want the waiting room lights at ten,SetLightBrightness
882,want this room at brightness level ten,SetLightBrightness
883,want to brighten the laundry room,IncreaseBrightness
884,want to change boardroom brightness to ten please,SetLightBrightness
885,want to change the light green,SetLightColor
886,want to change the light to blue instead.,SetLightColor
887,want two lights to lower setting please,DecreaseBrightness
888,want to glow here my appartment lights please,DecreaseBrightness
889,brightness house is decrease Help,SetLightBrightness
890,want to make the light dimmer,DecreaseBrightness
891,want to make the room brighter,IncreaseBrightness
892,one to rid the play two ten,SetLightBrightness
893,want to turn off the lights,SwitchLightOff
894,want to turn off the patio lamps,SwitchLightOff
895,want to change the brightness level in the patio to ten,SetLightBrightness
896,want you to switch off all the lights and my cubicle,SwitchLightOff
897,want you to turn off the lights in the small meeting room,SwitchLightOff
898,want you to turn the lights off in my room please,SwitchLightOff
899,brightness to seventy-three tree please,SetLightBrightness
900,it would like for the light to be brighter,IncreaseBrightness
901,would like for the lights to be,SetLightColor
902,would like green lights please,SetLightColor
903,would like lights on inside the house,SwitchLightOn
904,would like pink lights please,SetLightColor
905,would like inside Set level in the balcony we thirty can,SetLightBrightness
906,studio like the brightness of the lights to be level for,SetLightBrightness
907,would let the garage flat on fifty,SetLightBrightness
908,would like the lights to be turned on,SwitchLightOn
909,would like the lights less bright,DecreaseBrightness
910,activate the lights,SwitchLightOn
911,bring darkness to this room by turning off the lights,SwitchLightOff
912,would like the lights to change to green,SetLightColor
913,would like the lights turned off,SwitchLightOff
914,child's let the down flat on,SwitchLightOn
915,would like the vestibule will to be be,SetLightColor
916,would like the waiting room lights turned up,IncreaseBrightness
917,would prefer that the changing room lights be lowered,DecreaseBrightness
918,i'd light these lights on,SwitchLightOn
919,would like your let off,SwitchLightOff
920,i'd light for my lights to be flipped on now,SwitchLightOn
921,will be Make for the Make to be blue,SetLightColor
922,bring the cellar lights up to two,SetLightBrightness
923,i'd like for the lights to go on now,SwitchLightOn
924,i'd like it little do,DecreaseBrightness
925,like more lighting in the bedroom,IncreaseBrightness
926,i'd like the bedroom lights to be at ten percent percent,SetLightBrightness
927,red like the brightness changed in the made,SwitchLightOff
928,you like the brightness Set to twenty,SetLightBrightness
929,like the brightness turned down,DecreaseBrightness
930,i'd like to darkness are no,IncreaseBrightness
931,rid light the brightness turned up in the garage,IncreaseBrightness
932,i'd like the lights to be set to twelve,SetLightBrightness
933,can the changing room lights be turned on,SwitchLightOn
934,i'd like the kitchen to be brighter,IncreaseBrightness
935,like light to increase in the pantry,IncreaseBrightness
936,like the lit on the intense to be on,SwitchLightOn
937,i'd like the lights in the laundry room to be at level twenty two,SetLightBrightness
938,like the light should in the vestibule,SwitchLightOff
939,i'd like the lights to be shut off,SwitchLightOff
940,like the five to be shut down,SwitchLightOff
941,like the if to be turned on,SwitchLightOn
942,can the laundry room have green lights,SetLightColor
943,has like the lights to change in the large meeting room,SwitchLightOff
944,i'd like the lights to not be so bright,DecreaseBrightness
945,i'd like the lights turn down in the kids room,DecreaseBrightness
946,i'd like the living room lights to be at twelve percent percent,SetLightBrightness
947,would like the parking tad turned,SetLightColor
948,i'd like the vestibule lighting to be at thirty nine,SetLightBrightness
949,i'd like to activate lights in my cubicle,SwitchLightOn
950,like to have pink lighting in the bathroom,SetLightColor
951,would like to lights to be green please,SetLightColor
952,i'd like to lower the lights in the bedroom,DecreaseBrightness
953,can the lights be area instead.,SetLightColor
954,i'd prefer prefer the lights were on now,SwitchLightOn
955,i'd prefer it to be brighter,IncreaseBrightness
956,i'd prefer the from light to be at thirty nine,SetLightBrightness
957,prefer the laundry of lights to be turned to green,SetLightColor
958,i'd prefer the lights to be on,SwitchLightOn
959,rid prefer the office lights to be on,SwitchLightOn
960,i'd prefer the toilet lighting to be at level cella,SetLightBrightness
961,i'd one with the lights in the dining room,SwitchLightOff
962,I'm in the basement please turn the lights on,SwitchLightOn
963,I'm in the kitchen and need some lights,SwitchLightOn
964,can the living room lights be turned off,SwitchLightOff
965,I'm in the kitchen can you give me some lights please,SwitchLightOn
966,illuminate the entrance,SwitchLightOn
967,in the basement turned the brightness to twenty,SetLightBrightness
968,in the bathroom turn up the light power,IncreaseBrightness
969,in the changing room turned down the light power,DecreaseBrightness
970,can the cubicle and switch off the lights,SwitchLightOff
971,in the entrance changed the cellar to red,SetLightColor
972,in the entrance make the lights pink,SetLightColor
973,in the garage changed the lights to pink,SetLightColor
974,in the it's bedroom make the flat pink,SetLightColor
975,and were changed the house lighting to twelve,SetLightBrightness
976,in the kids bedroom turned the lights off,SwitchLightOff
977,in the laundry room turned down the light power,DecreaseBrightness
978,in the living room make the lights green,SetLightColor
979,in the lounge change it to level two,SetLightBrightness
980,in the lounge turned the lights off,SwitchLightOff
981,in the pantry turned down the brightness,DecreaseBrightness
982,in the pantry turn up the brightness,IncreaseBrightness
983,in the small meeting room the lights must be pink,SetLightColor
984,and the cellar set the brightness of the light cold to twelve,SetLightBrightness
985,increased brightness please,IncreaseBrightness
986,can we change Will lights to anything but pink,SetLightColor
987,increase brightness to fifty,SetLightBrightness
988,increase brightness to seventy-three tree,SetLightBrightness
989,bring rid brighness,IncreaseBrightness
990,increase light intensity,IncreaseBrightness
991,increase lighting in entire appartment,IncreaseBrightness
992,increase lighter in small meeting room,IncreaseBrightness
993,increase lights in entire house,IncreaseBrightness
994,increase the brighness in the changing room,IncreaseBrightness
995,increased the brightness of the basement,IncreaseBrightness
996,increased the brightness of the kitchen lights,IncreaseBrightness
997,can we make the whole house at twenty two,SetLightBrightness
998,increase the brighness of the flat in the cellar,IncreaseBrightness
999,increase the brightness of the flat in the dining room,IncreaseBrightness
1000,increase the brightness of the light in the entrance,IncreaseBrightness
1001,increase the brightness of the lights,IncreaseBrightness
1002,increase the brightness of this room,IncreaseBrightness
1003,increase the brightness to seventy-three tree,SetLightBrightness
1004,increase the brightness to ten,SetLightBrightness
1005,Place the cubicle's light intensity,IncreaseBrightness
1006,increased the intensity of the lighting,IncreaseBrightness
1007,is the intensity of the living sleep,IncreaseBrightness
1008,green light in the shed,SetLightColor
1009,increased the intensity of the flat,IncreaseBrightness
1010,red in changing room,IncreaseBrightness
1011,increase the light intensity,IncreaseBrightness
1012,increase the light intensity in the vestibule,IncreaseBrightness
1013,increase the lighting,IncreaseBrightness
1014,increased lighting in the cubicle,IncreaseBrightness
1015,intense the lighting in the vestibule,IncreaseBrightness
1016,increase the lighting intensity,IncreaseBrightness
1017,increase the lighting intensity please,IncreaseBrightness
1018,increase the lights in the bedroom,IncreaseBrightness
1019,activate that Let's light,SwitchLightOn
1020,can you change the bathroom light blue,SetLightColor
1021,increase the flat in the garden,IncreaseBrightness
1022,increase the flat in the toilet,IncreaseBrightness
1023,in increase lights on the patio,IncreaseBrightness
1024,increase the flat sleep,IncreaseBrightness
1025,increase the lights it is too dark,IncreaseBrightness
1026,is it possible to turn down the brightness,DecreaseBrightness
1027,is it the for you to decrease the brightness of the lights,DecreaseBrightness
1028,is it possible for you to turn the lights up in the cellar for us,IncreaseBrightness
1029,is it possible to get the lounge brightness to five,SetLightBrightness
1030,is it possible to stand down the brighness in the kitchen,DecreaseBrightness
1031,can you change the color of the lights to area in the lounge getting room,SetLightColor
1032,is it possible to turn on studio light,SwitchLightOn
1033,is it possible to turn the lights on,SwitchLightOn
1034,is it possible to turn the lights down in this room,DecreaseBrightness
1035,is there way to turn the kitchen lights to red,SetLightColor
1036,is there any you can change the light two be blue,SetLightColor
1037,it is too dark on the patio increase the lights,IncreaseBrightness
1038,it is two dark more lights,IncreaseBrightness
1039,it's to bright in here,DecreaseBrightness
1040,it's too bright bring the lights down,DecreaseBrightness
1041,too bright please make it darker,DecreaseBrightness
1042,the you change its in to,SetLightColor
1043,it's too dark in here,IncreaseBrightness
1044,it's too dark in here brightened the lights bit,IncreaseBrightness
1045,too dark in the bedroom,IncreaseBrightness
1046,too dark in the waiting room,IncreaseBrightness
1047,as way Throughout darken here,IncreaseBrightness
1048,Will the bathroom,SwitchLightOff
1049,Will the lights in the bedroom,SwitchLightOff
1050,Will the like in the entire appartment,SwitchLightOff
1051,let can brightness for me,DecreaseBrightness
1052,vestibule the brightness of the lights in the bedroom,DecreaseBrightness
1053,can you change the light in the garden to pink,SetLightColor
1054,let there be light,SwitchLightOn
1055,flat the garage meeting ten enter,SetLightBrightness
1056,let's have studio lights,SetLightColor
1057,let's have the entrance be area,SetLightColor
1058,let all the intensity of the lights,DecreaseBrightness
1059,let make the vestibule area,SetLightColor
1060,let's get the patio if to blue,SetLightColor
1061,let's lower the light please,DecreaseBrightness
1062,let's make the entrance rid,SetLightColor
1063,let's make the light pink,SetLightColor
1064,and you change the lighting into bathroom,SwitchLightOff
1065,it's turn off the like in the office,SwitchLightOff
1066,light up the vestibule,SwitchLightOn
1067,waiting needs to be adjusted to level do in the cubicle,SetLightBrightness
1068,lights in the backyard should be red,SetLightColor
1069,light in the kids bedroom must be on please,SwitchLightOn
1070,enter please,IncreaseBrightness
1071,lights off in the living room,SwitchLightOff
1072,lights Help please,SwitchLightOff
1073,like off,SwitchLightOff
1074,lights on in the kids bedroom please,SwitchLightOn
1075,can you change the lighting intensity of the laundry room to twenty two,SetLightBrightness
1076,lights on now,SwitchLightOn
1077,flat out,SwitchLightOff
1078,lights out please,SwitchLightOff
1079,lights out please,SwitchLightOff
1080,lower all of the lighting,DecreaseBrightness
1081,lower brightness,DecreaseBrightness
1082,lower brightness in the backyard,DecreaseBrightness
1083,lower brightness in the toilet room,DecreaseBrightness
1084,lower light brightness,DecreaseBrightness
1085,lower lighting in the backyard yard,DecreaseBrightness
1086,can you change the lights to fifty on the patio,SetLightBrightness
1087,lower the brightness,DecreaseBrightness
1088,lower the brightness in the cubicle,DecreaseBrightness
1089,here the brightness in the light's room,DecreaseBrightness
1090,lower the brightness in the garden,DecreaseBrightness
1091,lower the intensity of the lights,DecreaseBrightness
1092,lower the lighting and the garage,DecreaseBrightness
1093,lower it lights,DecreaseBrightness
1094,no here lights in my bedroom please,DecreaseBrightness
1095,over the light in the changing room,DecreaseBrightness
1096,the brightness should be ten in bathroom,SetLightBrightness
1097,could you set the that room brightness level to thirty nine,SetLightBrightness
1098,the bulbs should not be so bright,DecreaseBrightness
1099,the cellar light should be turned on,SwitchLightOn
1100,the cellar needs to be brighter,IncreaseBrightness
1101,the cellar of the light should be pink in the toilet room,SetLightColor
1102,the cubicle lights all be pink,SetLightColor
1103,that dining room less too tad,DecreaseBrightness
1104,the garage flat me to be brighter,IncreaseBrightness
1105,the want should have its light one off now,SwitchLightOff
1106,the house room light needs to be changed to red,SetLightColor
1107,the kitchen light should be pink,SetLightColor
1108,at just the bedroom lights the ten percent percent,SetLightBrightness
1109,can you set the room light to seventy-three,SetLightBrightness
1110,the kitchen should be brighter please,IncreaseBrightness
1111,the large meeting room is too dark and must be made brighter,IncreaseBrightness
1112,the laundry room is too bright,DecreaseBrightness
1113,the lower room these should be green,SetLightColor
1114,the light color in the waiting room should be green,SetLightColor
1115,the light in the appartment meeting to be dimmed,DecreaseBrightness
1116,the light in the boardroom house to be at seventy-three tree,SetLightBrightness
1117,the light in the parking lot should be pink,SetLightColor
1118,the light in the made need to the,SwitchLightOff
1119,the lights need to be dimmed,DecreaseBrightness
1120,ten the rid the Boost twenty trip,SetLightBrightness
1121,the light needs to be dimmed,DecreaseBrightness
1122,lights are too bright and want it dim,DecreaseBrightness
1123,the lights in the cellar need to be turned up,IncreaseBrightness
1124,the lights in the changing could be switched off,SwitchLightOff
1125,the light in toilet are to dark on,IncreaseBrightness
1126,the lights in the living room need to blue,SetLightColor
1127,the lights in the living room should be on twenty two,SetLightBrightness
1128,the light should be on please,SwitchLightOn
1129,loo are the made in that one them,DecreaseBrightness
1130,can you change the lights to green,SetLightColor
1131,lower the lights on the patio,DecreaseBrightness
1132,no what of the made to twenty,SetLightBrightness
1133,light,DecreaseBrightness
1134,make small to us you be all in to cella,SetLightBrightness
1135,make certain no lights are on in the bathroom,SwitchLightOff
1136,make it little brighter in the bedroom,IncreaseBrightness
1137,make it little is darken here,IncreaseBrightness
1138,make it little less dark in the backyard yard,IncreaseBrightness
1139,make it brighter,IncreaseBrightness
1140,Place rid in here,IncreaseBrightness
1141,can you change the lights to pink,SetLightColor
1142,could Dim in the changing room,IncreaseBrightness
1143,make it brighter in the changing room,IncreaseBrightness
1144,make rid in the dining room,IncreaseBrightness
1145,make it brighter in the large meeting room,IncreaseBrightness
1146,be brighter in the living room,IncreaseBrightness
1147,make it brighter in the waiting room,IncreaseBrightness
1148,Click do,SwitchLightOff
1149,make it darken here,SwitchLightOff
1150,make it dark in the changing room,SwitchLightOff
1151,make it Reduce,SwitchLightOff
1152,can you change to pink everywhere,SetLightColor
1153,make here dimmer in turn,DecreaseBrightness
1154,make it more them,DecreaseBrightness
1155,make it so that the light is pink,SetLightColor
1156,make roomcan green,SetLightColor
1157,make laundry in light brightness twenty,SetLightBrightness
1158,make lights brighter,IncreaseBrightness
1159,make light dimmer,DecreaseBrightness
1160,make lights less bright in the laundry room,DecreaseBrightness
1161,flat pink,SetLightColor
1162,make blue lights of,SwitchLightOff
1163,tad more lighting in the basement,IncreaseBrightness
1164,can you change the lights to the color red,SetLightColor
1165,make my bulbs less bright,DecreaseBrightness
1166,make my lights blue,SetLightColor
1167,make my lights brighter,IncreaseBrightness
1168,make my lights green,SetLightColor
1169,make my lights pink,SetLightColor
1170,make parking lights go on,SwitchLightOn
1171,make sure the flat are increased in brightness,IncreaseBrightness
1172,make sure the lights Make so can see,IncreaseBrightness
1173,make sure there are no lights on,SwitchLightOff
1174,make the backyard red go,IncreaseBrightness
1175,can you change the patio light to blue,SetLightColor
1176,make the basement at ten percent percent for the light setting,SetLightBrightness
1177,make the Lessen lights go on,SwitchLightOn
1178,make the balcony tree tad be,DecreaseBrightness
1179,to make the bathroom light on,SwitchLightOn
1180,make the bedroom light not,DecreaseBrightness
1181,make the bedroom lights turn on,SwitchLightOn
1182,make the bedroom light intense be ten,SetLightBrightness
1183,make the boardroom light to twelve,SetLightBrightness
1184,make the boardroom room lights red,SetLightColor
1185,make the brightness at twelve percent percent,SetLightBrightness
1186,can you change the be able to it,SetLightColor
1187,make the brightness in the kitchen seventy-three tree,SetLightBrightness
1188,make the brightness of my lights thirty nine,SetLightBrightness
1189,make the bright of the lights be at please two percent percent,SetLightBrightness
1190,make the color of the light pink,SetLightColor
1191,make the color of the light red,SetLightColor
1192,make the cubicle less bright,DecreaseBrightness
1193,make the cubicle light green,SetLightColor
1194,make the cubicle lighting to be dimmer,DecreaseBrightness
1195,make the cubicle lights turn off,SwitchLightOff
1196,can you darken the bedroom,DecreaseBrightness
1197,make dining room lit flick,SwitchLightOff
1198,make the enter flat brighter,IncreaseBrightness
1199,make the entrance light at twenty two,SetLightBrightness
1200,make the entrance lights let enter,DecreaseBrightness
1201,make the made,SetLightColor
1202,make the it's bedroom brighter with more light,IncreaseBrightness
1203,make the child's bedroom light area,SetLightColor
1204,make the kids bedroom lights area twelve,SetLightBrightness
1205,make the room made,IncreaseBrightness
1206,make the kitchen brighter,IncreaseBrightness
1207,can you decrease the brightness,DecreaseBrightness
1208,make the large meeting room large to ten can but create,SetLightBrightness
1209,make the laundry room bit please,DecreaseBrightness
1210,make the laundry room lights red,SetLightColor
1211,make the flat dark,IncreaseBrightness
1212,make the flat bulb create please,IncreaseBrightness
1213,make the light all in the pantry the twenty brightness,SetLightBrightness
1214,make the lightbulb pink,SetLightColor
1215,make the light dimmer,DecreaseBrightness
1216,make the light green,SetLightColor
1217,make the light in the bathroom brighter,IncreaseBrightness
1218,can the decrease the brightness in the kids bedroom,DecreaseBrightness
1219,make the light in the bedroom brighter,IncreaseBrightness
1220,make the it in the dining room red,SetLightColor
1221,make the light in the pantry too too,SetLightBrightness
1222,make the light turn red,SetLightColor
1223,make lighting bring here,IncreaseBrightness
1224,made the lighting brighter in the living room,IncreaseBrightness
1225,make the lighting more intense in the bathroom,IncreaseBrightness
1226,make the lights little brighter in the laundry room,IncreaseBrightness
1227,make the lights blue,SetLightColor
1228,make the lights blue,SetLightColor
1229,can you decrease the brightness of the flipped,DecreaseBrightness
1230,make the lights blue,SetLightColor
1231,make the lights brighter,IncreaseBrightness
1232,make the lights brighter in the studio,IncreaseBrightness
1233,make the lights brighter,IncreaseBrightness
1234,make light dimmer please,DecreaseBrightness
1235,make the lights five,SetLightBrightness
1236,make the lights go on,SwitchLightOn
1237,make the lights green,SetLightColor
1238,make the lights green please,SetLightColor
1239,make the lights in the bedroom less bright,DecreaseBrightness
1240,can you decrease the light intensity,DecreaseBrightness
1241,make the five in the cellar at the too brightness,SetLightBrightness
1242,made the lights see the at ten thirty nine house,SetLightBrightness
1243,make the lights in the house brighter,IncreaseBrightness
1244,make the lights in the kids room ten,SetLightBrightness
1245,make the light in the bedroom green,SetLightColor
1246,make the lights in the room lower,DecreaseBrightness
1247,make the lights in the studio to be at twelve,SetLightBrightness
1248,make the lights in the toilet brighter,IncreaseBrightness
1249,make the if less bright,DecreaseBrightness
1250,can you give the lights in the lounge,DecreaseBrightness
1251,make the lights less bright,DecreaseBrightness
1252,make the lights more bright,IncreaseBrightness
1253,make the lights more bright in the bedroom,IncreaseBrightness
1254,make the lights not shine any more,SwitchLightOff
1255,make the light pink,SetLightColor
1256,make the flat pink,SetLightColor
1257,make the lights red,SetLightColor
1258,make the large of the color area,SetLightColor
1259,make the lights turn off,SwitchLightOff
1260,make light turn off in the waiting room,SwitchLightOff
1261,can you increase the brightness of the lights in the bedroom,IncreaseBrightness
1262,make the flat turn on,SwitchLightOn
1263,make the living room dimmer,DecreaseBrightness
1264,Make the living room light on,DecreaseBrightness
1265,make the lounge twenty two,SetLightBrightness
1266,make meeting room flat fifty,SetLightBrightness
1267,make the pantry five percent percent in brightness,SetLightBrightness
1268,make the pantry lights to twelve,SetLightBrightness
1269,make the patio brighter,IncreaseBrightness
1270,make the room bit darker,DecreaseBrightness
1271,make the room brighter,IncreaseBrightness
1272,at just brightness to fifty,SetLightBrightness
1273,can you increase the brightness,IncreaseBrightness
1274,make the studio lighting to be at the twelve setting,SetLightBrightness
1275,make the studio light off,SwitchLightOff
1276,make the toilet green lights,SetLightColor
1277,make twenty two the brightness instead.,SetLightBrightness
1278,way you change the like in please,SetLightColor
1279,more light please,IncreaseBrightness
1280,more lights please,IncreaseBrightness
1281,cold bright setting in the dining room entire,SetLightBrightness
1282,my bedroom needs to be darker,DecreaseBrightness
1283,no lights in the garden,SwitchLightOff
1284,can all after lightening level in the studio,IncreaseBrightness
1285,value cut out lights in the pantry,SwitchLightOff
1286,"Make google, turn off lights can entire flat",SwitchLightOff
1287,"google, turn off lights",SwitchLightOff
1288,Once you enter the laundry room turn on the lights,SwitchLightOn
1289,please turn on the light,SwitchLightOn
1290,Place the cellar lights in the off position,SwitchLightOff
1291,Place the lighting on level twenty two in the possible,SetLightBrightness
1292,please activate the lights,SwitchLightOn
1293,please just the cubicle light so its brighter,IncreaseBrightness
1294,please adjust the light brightness to go lower please,DecreaseBrightness
1295,can you light up the basement bit more,IncreaseBrightness
1296,please adjust the light bulbs to twelve,SetLightBrightness
1297,please brightened the lights in the meeting room,IncreaseBrightness
1298,please change entrance lights to blue,SetLightColor
1299,please change the lights to area and nine,SetLightColor
1300,please change the brightness in the room,DecreaseBrightness
1301,please changed the brightness level in parking area to twenty,SetLightBrightness
1302,please change the brightness level in the backyard yard to fifty,SetLightBrightness
1303,please changing the color in the large meeting room to pink,SetLightColor
1304,please can the color of the flat rid,SetLightColor
1305,please change the color to pink,SetLightColor
1306,can you make it tad brighter please,IncreaseBrightness
1307,please change the cold to area in the bathroom,SetLightColor
1308,please changed light color in the kitchen to blue,SetLightColor
1309,please change the lighting to twelve in one shed,SetLightBrightness
1310,please change the light green,SetLightColor
1311,please can the lights in them waiting room for rid can is,SetLightColor
1312,please change lights to area in the cellar,SetLightColor
1313,Place changed the lights to red,SetLightColor
1314,please change the lights to twenty two in the house,SetLightBrightness
1315,vestibule the living room made red,SetLightColor
1316,please cut off all light,SwitchLightOff
1317,can you Make it brighter inside,IncreaseBrightness
1318,please decrease the brightness,DecreaseBrightness
1319,please decrease the brightness,DecreaseBrightness
1320,please dim light,DecreaseBrightness
1321,please dim the lights,DecreaseBrightness
1322,please flick the lights on,SwitchLightOn
1323,please get rid of the lights,SwitchLightOff
1324,please get the lights off,SwitchLightOff
1325,please go on and increase the brightness,IncreaseBrightness
1326,please have the waiting room be less bright,DecreaseBrightness
1327,please increase lights,IncreaseBrightness
1328,can you make it dimmer and here,DecreaseBrightness
1329,please increase the brightness of the lights,IncreaseBrightness
1330,please increase the brightness of the lights in the kids room,IncreaseBrightness
1331,please increase the brightness of the lights in the small meeting room,IncreaseBrightness
1332,please increase the brighness of the flat,IncreaseBrightness
1333,please increase the garage,IncreaseBrightness
1334,please increase the meeting,IncreaseBrightness
1335,please increase lights in the office,IncreaseBrightness
1336,these will area the brightness for me,DecreaseBrightness
1337,please lower the lights in the room,DecreaseBrightness
1338,please lower the lights,DecreaseBrightness
1339,can you make the bedroom lights go up,IncreaseBrightness
1340,please make it brighter,IncreaseBrightness
1341,please make the color red,SetLightColor
1342,please make the want flat blue,SetLightColor
1343,please make the flat room blue,SetLightColor
1344,please make the light let,SetLightColor
1345,please make to light red,SetLightColor
1346,please make the lights brighter,IncreaseBrightness
1347,please make the flat green,SetLightColor
1348,please make the light green in the dining room,SetLightColor
1349,please make the flat pink,SetLightColor
1350,can you make the brightness twelve,SetLightBrightness
1351,please make lights pink in my bedroom,SetLightColor
1352,please make the vestibule lighting to be at twelve,SetLightBrightness
1353,please put off the pantry,SwitchLightOff
1354,please set it two five,SetLightBrightness
1355,please at lounge brightness at twenty percent,SetLightBrightness
1356,the rid the nine make ten to nine,SetLightBrightness
1357,please rid the brightness to five percent,SetLightBrightness
1358,please at the light brightness level of basement to thirty nine,SetLightBrightness
1359,the serial the rid cold to change,SetLightBrightness
1360,please set the office lights down,DecreaseBrightness
1361,can you make the lights blue,SetLightColor
1362,please set the office to twenty two for the intensity,SetLightBrightness
1363,please set the studio to level too for the light intensity,SetLightBrightness
1364,please set the toilet lighting to two,SetLightBrightness
1365,shed rid the toilet room like to too,SetLightBrightness
1366,please shut off the lighting,SwitchLightOff
1367,please shut off the lights above the toilet,SwitchLightOff
1368,please shut off the lights,SwitchLightOff
1369,please stop the lights,SwitchLightOff
1370,create switch my lights on cella,SwitchLightOn
1371,please switch on the lights for the facilities,SwitchLightOn
1372,can you make the light brighter,IncreaseBrightness
1373,Place child's on my cubicle if,SwitchLightOn
1374,please turn the lights,SwitchLightOn
1375,please area the color of the light to be red please,SetLightColor
1376,way switch to pink living,SetLightColor
1377,please to the green,SetLightColor
1378,less turned down the brightness,SwitchLightOff
1379,please turn down the light intensity,DecreaseBrightness
1380,please turn down the lights,DecreaseBrightness
1381,please turn down the lights and the entrance area,DecreaseBrightness
1382,please turn down the lights in the pantry,DecreaseBrightness
1383,don't just bedroom brightness level to seventy-three tree,SetLightBrightness
1384,can you make the light dimmer in the living room,DecreaseBrightness
1385,please turn light area in large meeting room,SetLightColor
1386,please turn lights up,IncreaseBrightness
1387,please turn my light on,SwitchLightOn
1388,please don't off all light,SwitchLightOff
1389,please turn off all lights,SwitchLightOff
1390,please turn off the cellar like,SwitchLightOff
1391,please turn off the lighting,SwitchLightOff
1392,please turn not the lighting,SwitchLightOff
1393,please turn off the lights in the bedroom,SwitchLightOff
1394,please turn off the lights in the bedroom,SwitchLightOff
1395,can you make the lights green in the basement,SetLightColor
1396,please turn of the lights in the vestibule,SwitchLightOff
1397,let's turn Throughout the lights in this room,SwitchLightOff
1398,please done off the light,SwitchLightOff
1399,please after of the red made,SwitchLightOff
1400,the turned on my parking lights,SwitchLightOn
1401,please turn on the lights,SwitchLightOn
1402,please turn on the lights and the entrance,SwitchLightOn
1403,please don't on the leave room lights,SwitchLightOn
1404,please turned down the brightness of the light above just bed,DecreaseBrightness
1405,please turn the brightness up,IncreaseBrightness
1406,can you make the lights green,SetLightColor
1407,please turn the cella to thirty nine,SetLightBrightness
1408,please turn the kids room brightness to fifty,SetLightBrightness
1409,please turn the kitchen lights on,SwitchLightOn
1410,please turn the light on for me,SwitchLightOn
1411,please turn the lights down,DecreaseBrightness
1412,please turn the lights down in the waiting room,DecreaseBrightness
1413,please turn the lights down to lower setting in the living room,DecreaseBrightness
1414,the turned the lights,DecreaseBrightness
1415,please turn the lights off,SwitchLightOff
1416,please stand the so in the garden,SwitchLightOff
1417,can you make lights in the office green,SetLightColor
1418,please turn the lights up in this room,SwitchLightOff
1419,please turn the living room lights to twelve,SetLightBrightness
1420,please turn the patio lights up for me,IncreaseBrightness
1421,please turn up lights in appartment,IncreaseBrightness
1422,turn up the lighting in the toilets,IncreaseBrightness
1423,please turn of the flat bit more,IncreaseBrightness
1424,please turn up the lights,IncreaseBrightness
1425,please decrease the brightness,DecreaseBrightness
1426,please set the brightness of the light to seventy-three tree,SetLightBrightness
1427,power on the lamps,SwitchLightOn
1428,can you made it outside light green,SetLightColor
1429,want made lamp in the toilets,SwitchLightOn
1430,lower on the light,SwitchLightOn
1431,on lights in the bedroom,SwitchLightOn
1432,power on the much lamps,SwitchLightOn
1433,now are the cubicle lamps to ten,SetLightBrightness
1434,are the lamps the two set,SetLightBrightness
1435,for the office lights,SwitchLightOn
1436,put that from brightness to fifty,SetLightBrightness
1437,put lights can in higher intense you to be please,IncreaseBrightness
1438,for less to blue,SetLightColor
1439,you please brighten this room up bit,IncreaseBrightness
1440,put on the lights in the cella at two percent,SetLightBrightness
1441,mood parking lights at level cella,SetLightBrightness
1442,Put the light must here that it ten,SetLightBrightness
1443,put the cellar lights to the,SwitchLightOff
1444,put the kids bedroom lights on twelve,SetLightBrightness
1445,put the lighting level ten,SetLightBrightness
1446,put the lights in the living room at level thirty nine,SetLightBrightness
1447,put the five in the made glow select,SetLightBrightness
1448,put the lights off in the bedroom,SwitchLightOff
1449,put the lights on,SwitchLightOn
1450,and two please the the out room large to colored,SetLightColor
1451,put the lights on please,SwitchLightOn
1452,put the lights to twelve percent percent in the bathroom,SetLightBrightness
1453,not the Click to two in the backyard yard,SetLightBrightness
1454,put the parking brightness at twenty,SetLightBrightness
1455,Quickly put on the lights in the dining room as am very hungry,SwitchLightOn
1456,raise the lights in the changing room,IncreaseBrightness
1457,raise the lights and the laundry,IncreaseBrightness
1458,decrease basement brightness to two percent set,SetLightBrightness
1459,It's brightness,DecreaseBrightness
1460,reduce brightness to fifty the house,SetLightBrightness
1461,the studio lights need to be increased,IncreaseBrightness
1462,the toilet light should be blue,SetLightColor
1463,and the rid the darkness to enter to for house,SetLightBrightness
1464,the toilets should have green lighting,SetLightColor
1465,there is too much light in here,DecreaseBrightness
1466,there is too much light in the bedroom,DecreaseBrightness
1467,Throughout the house turn up the light power,IncreaseBrightness
1468,one down the brightness from the laundry room,DecreaseBrightness
1469,don't all light on,SwitchLightOn
1470,turn lights down please,DecreaseBrightness
1471,turn backyard yard lights off,SwitchLightOff
1472,turn basement lights on please,SwitchLightOn
1473,turn basement flat to pink,SetLightColor
1474,can the set to cella of room to seventy-three tree,SetLightBrightness
1475,to room kids,SwitchLightOff
1476,turn brightness down in bedroom,DecreaseBrightness
1477,turn down bedroom lights,DecreaseBrightness
1478,turned down lights in tree appartment,DecreaseBrightness
1479,turned down the basement lights,DecreaseBrightness
1480,turned down the brightness,DecreaseBrightness
1481,turn down the brightness for me,DecreaseBrightness
1482,turned out the brightness to the laundry room,DecreaseBrightness
1483,turned down the brightness of the lighting,DecreaseBrightness
1484,and on the brightness please,DecreaseBrightness
1485,can the set the kids room light to five,SetLightBrightness
1486,turned down the light in the bedroom,DecreaseBrightness
1487,turn down the light one lounge,DecreaseBrightness
1488,turned down the light intensity in the dining room,DecreaseBrightness
1489,turn down the light power all the way,SwitchLightOff
1490,turned down the light power in the pantry all the way,SwitchLightOff
1491,turned down the lighting in the kitchen bedroom,DecreaseBrightness
1492,turned down the lights,DecreaseBrightness
1493,turn down the lights bit,DecreaseBrightness
1494,can you please change the brightness in the kids room to twenty two,SetLightBrightness
1495,reduce the brightness in my bedroom as am going to sleep,DecreaseBrightness
1496,reduce the brightness in the bedroom please,DecreaseBrightness
1497,reduce the light brightness in the backyard to level ten,SetLightBrightness
1498,select pink light color,SetLightColor
1499,set all lamps to level thirty nine in the studio,SetLightBrightness
1500,set all lamps to too in the laundry room,SetLightBrightness
1501,rid brightness in pantry to seventy-three tree soon,SetLightBrightness
1502,set brightness to twenty please,SetLightBrightness
1503,set cellar lights to fifty,SetLightBrightness
1504,set light color to blue,SetLightColor
1505,can you please change the brightness in the lounge to thirty nine,SetLightBrightness
1506,at lights to green,SetLightColor
1507,set lights to level thirty nine,SetLightBrightness
1508,this lights to level twenty two,SetLightBrightness
1509,set lights to the,SwitchLightOff
1510,set lights to twenty two percent percent the basement,SetLightBrightness
1511,set all lights to two in the parking room please,SetLightBrightness
1512,Set leave room bright level to twenty two,SetLightBrightness
1513,set bedroom into to for,SetLightBrightness
1514,set the basement lights to two,SetLightBrightness
1515,set the out in lights to the on position,SwitchLightOn
1516,can you please change the color to blue,SetLightColor
1517,red the bedroom lights to two for brightness,SetLightBrightness
1518,set the brightness in the bathroom at level all,SetLightBrightness
1519,Make the brightness in the bedroom to twenty two,SetLightBrightness
1520,set the brightness in the kids room to level twenty two,SetLightBrightness
1521,Set the brightness in the living room to cella,SetLightBrightness
1522,set them rid this level of light to twenty,SetLightBrightness
1523,at the brightness level to seventy-three tree,SetLightBrightness
1524,set the brightness of the light bulbs to fifty,SetLightBrightness
1525,set the brightness of the bulbs to fifty,SetLightBrightness
1526,set patio two fifty,SetLightBrightness
1527,turn down the lights in here,DecreaseBrightness
1528,turned down the lights and the basement,DecreaseBrightness
1529,can you set the meeting room to be pink hue?,SetLightColor
1530,turn down the lights in the bedroom,DecreaseBrightness
1531,turn down the lights in the cella,DecreaseBrightness
1532,turned down the lights in the changing room,DecreaseBrightness
1533,turn down the lights in the kitchen,DecreaseBrightness
1534,turned and the light in the large meeting whole,SwitchLightOff
1535,turned down the lights into toilet room,DecreaseBrightness
1536,turn down the lights in the waiting room,DecreaseBrightness
1537,turned down the lights one notch,DecreaseBrightness
1538,done down the made please,SwitchLightOff
1539,done done the be,DecreaseBrightness
1540,can you shut off the house lights,SwitchLightOff
1541,turn light on in toilet room,SwitchLightOn
1542,sun meeting area,SetLightColor
1543,turn flat in the laundry room brighter,IncreaseBrightness
1544,turn on my lights everywhere please,SwitchLightOn
1545,turn light on in the waiting room,SwitchLightOn
1546,turn lights on over the toilet,SwitchLightOn
1547,turn lights to green,SetLightColor
1548,turn living room lights to red,SetLightColor
1549,don't create room lights off,SwitchLightOff
1550,turn on my living room light please,SwitchLightOn
1551,can you shut the lights off at the entrance,SwitchLightOff
1552,turn off all the lamps,SwitchLightOff
1553,turn off lights,SwitchLightOff
1554,turn off my bedroom lighter please,SwitchLightOff
1555,not parking flat,SwitchLightOff
1556,ten after room flat,SwitchLightOff
1557,down after cellar flat,SwitchLightOff
1558,turn off the light power,SwitchLightOff
1559,turn off the living,SwitchLightOff
1560,turn off lit,SwitchLightOff
1561,turn off the lights,SwitchLightOff
1562,can you stop the lighting,SwitchLightOff
1563,turn off the lights at your thirty,SwitchLightOff
1564,turn off the lights for me,SwitchLightOff
1565,don't now the lights for the dining room,SwitchLightOff
1566,turn off the lights in five minutes,SwitchLightOff
1567,turned off to lights in the basement,SwitchLightOff
1568,turn off the lights in the bathroom,SwitchLightOff
1569,turn off the lights in the bedroom,SwitchLightOff
1570,turn off the lights in the bedroom,SwitchLightOff
1571,ten ten the are select,SwitchLightOff
1572,going off the light and the on,SwitchLightOff
1573,can you switch on my appartment lights,SwitchLightOn
1574,turn off the lights in the kitchen,SwitchLightOff
1575,turn off the lights in living room,SwitchLightOff
1576,turn up the lights in the toilets,SwitchLightOff
1577,turn off the lights in this room,SwitchLightOff
1578,turn off the light no,SwitchLightOff
1579,turn your lights to the basement,SwitchLightOff
1580,turn off the lights to the toilets,SwitchLightOff
1581,turn to for the change light,SwitchLightOff
1582,after by flat,SwitchLightOff
1583,turn off the toilet lights,SwitchLightOff
1584,adjust of brightness in the let to fifty,SetLightBrightness
1585,stand the switched the lights on for my entire house,SwitchLightOn
1586,turn on all the lights in the entire house,SwitchLightOn
1587,turn on bedroom light,SwitchLightOn
1588,turn on large light,SwitchLightOn
1589,turn on lights above the toilet,SwitchLightOn
1590,turn on lights in the backyard yard,SwitchLightOn
1591,turn for lights into cellar,SwitchLightOn
1592,turn on leave room lights,SwitchLightOn
1593,put on my lights now,SwitchLightOn
1594,ten are my lights please,SwitchLightOn
1595,turn on red light,SetLightColor
1596,can you switch the kids to okay green Click,SetLightColor
1597,turn on the bathroom lights,SwitchLightOn
1598,turn on the bedroom light,SwitchLightOn
1599,turn on the changing room lights,SwitchLightOn
1600,turned on the entrance lights,SwitchLightOn
1601,turn on the laundry room waiting,SwitchLightOn
1602,turn on ten lights,SwitchLightOn
1603,turn on the lights above the toilet,SwitchLightOn
1604,turn on the lights in the that room,SwitchLightOn
1605,turn on the lights in the bedroom,SwitchLightOn
1606,turn on the lights in the changing room,SwitchLightOn
1607,can you sun down the light,DecreaseBrightness
1608,turn on light in the entrance,SwitchLightOn
1609,turned on the lights in the kids room,SwitchLightOn
1610,turn on the lights can the laundry room,SwitchLightOn
1611,turn on the lights can the waiting room,SwitchLightOn
1612,turn the lights please,SwitchLightOn
1613,turn on the lights,SwitchLightOn
1614,turn on the office lighting,SwitchLightOn
1615,turn on the office lights,SwitchLightOn
1616,turn on the laundry light,SwitchLightOn
1617,turned the spotlight in the room,SwitchLightOn
1618,can you turn off the cellar lights,SwitchLightOff
1619,turn on the toilet lights,SwitchLightOn
1620,turn out the cellar lights,SwitchLightOff
1621,turn parking light setting to off,SwitchLightOff
1622,turn studio lights on,SwitchLightOn
1623,turn the backyard lights pink,SetLightColor
1624,to the basement nine to set to in,SetLightBrightness
1625,turn the basement flat down,DecreaseBrightness
1626,on the bedroom light,SwitchLightOff
1627,turn the bedroom light to seventy-three tree,SetLightBrightness
1628,turn the bedroom lights on,SwitchLightOn
1629,can you turn off the light in the toilet,SwitchLightOff
1630,turn the bedroom to twenty,SetLightBrightness
1631,stand the brightness down,DecreaseBrightness
1632,turn the brightness down in the pink room,DecreaseBrightness
1633,turn the brightness down in the toilet room,DecreaseBrightness
1634,turn the brightness in the flat to two,SetLightBrightness
1635,turn the brightness to level twelve,SetLightBrightness
1636,turn the brightness to thirty nine percent percent,SetLightBrightness
1637,turn the brightness up in the basement,IncreaseBrightness
1638,turned the cold brightness down,DecreaseBrightness
1639,turn the bulbs on brighter everywhere,IncreaseBrightness
1640,change you turn off its,SwitchLightOff
1641,turned the cella lights to twelve for set,SetLightBrightness
1642,turned the cellar lights to fifty percent percent,SetLightBrightness
1643,and turned the changing room lights on,SwitchLightOff
1644,turn the changing room lights to ten percent percent,SetLightBrightness
1645,turn the cubicle lights to level ten,SetLightBrightness
1646,turned the entrance flat on,SwitchLightOn
1647,turn the entrance lights on,SwitchLightOn
1648,turn the flat light to twelve,SetLightBrightness
1649,turn the flat room off,SwitchLightOff
1650,turn the garden light up can notch,IncreaseBrightness
1651,getting out of the light for the not room,SwitchLightOff
1652,turn the kids bedroom lit red,SetLightColor
1653,turn the kitchen lights green,SetLightColor
1654,done the kitchen flat on toilet,IncreaseBrightness
1655,turn the large meeting room green,SetLightColor
1656,turn the laundry room lights to twenty two,SetLightBrightness
1657,don't the light intensity to level thirty nine,SetLightBrightness
1658,turned the flat on,SwitchLightOn
1659,turn the light on in the bedroom,SwitchLightOn
